timestamp,voltage_V,current_A,cell_temp_C,ambient_temp_C,soc_percent,resistance_ohms,remaining_capacity_Ah
1790659912,3.948,15.41,30.05,24.38,97.99,0.0152,49.0
1790659913,3.942,15.751,30.1,25.89,97.98,0.0152,48.99
1790659914,3.947,15.417,30.15,25.31,97.97,0.0152,48.99
1790659915,3.951,15.171,30.2,25.42,97.97,0.0152,48.98
1790659916,3.95,15.211,30.25,24.62,97.96,0.0152,48.98
1790659917,3.958,14.734,30.3,25.75,97.95,0.0152,48.97
1790659918,3.932,16.376,30.35,25.62,97.94,0.0152,48.97
1790659919,3.951,15.156,30.4,25.25,97.93,0.0152,48.97
1790659920,3.966,14.146,30.45,25.14,97.92,0.0152,48.96
1790659921,3.959,14.61,30.5,24.86,97.92,0.0152,48.96
1790659922,3.945,15.536,30.55,24.86,97.91,0.0152,48.95
1790659923,3.957,14.711,30.6,25.03,97.9,0.0152,48.95
1790659924,3.958,14.639,30.65,24.72,97.89,0.0152,48.95
1790659925,3.945,15.516,30.7,25.12,97.88,0.0152,48.94
1790659926,3.959,14.606,30.75,24.31,97.87,0.0152,48.94
1790659927,3.947,15.357,30.8,25.26,97.87,0.0152,48.93
1790659928,3.945,15.498,30.85,25.15,97.86,0.0152,48.93
1790659929,3.955,14.838,30.9,25.22,97.85,0.0152,48.92
1790659930,3.953,14.945,30.95,25.33,97.84,0.0152,48.92
1790659931,3.952,15.046,31.0,24.84,97.83,0.0152,48.92
1790659932,3.957,14.707,31.05,24.43,97.82,0.0152,48.91
1790659933,3.953,14.951,31.1,24.57,97.82,0.0152,48.91
1790659934,3.956,14.75,31.15,24.98,97.81,0.0152,48.9
1790659935,3.956,14.736,31.2,24.71,97.8,0.0152,48.9
1790659936,3.96,14.464,31.25,24.43,97.79,0.0152,48.9
1790659937,3.946,15.357,31.3,25.01,97.78,0.0152,48.89
1790659938,3.954,14.842,31.35,26.16,97.77,0.0152,48.89
1790659939,3.956,14.694,31.4,24.74,97.77,0.0152,48.88
1790659940,3.953,14.894,31.45,25.35,97.76,0.0152,48.88
1790659941,3.949,15.176,31.5,25.43,97.75,0.0152,48.87
1790659942,3.941,15.675,31.55,24.37,97.74,0.0152,48.87
1790659943,3.957,14.636,31.6,24.74,97.73,0.0152,48.87
1790659944,3.958,14.575,31.65,24.78,97.72,0.0152,48.86
1790659945,3.941,15.676,31.7,24.74,97.72,0.0152,48.86
1790659946,3.955,14.704,31.75,24.24,97.71,0.0152,48.85
1790659947,3.952,14.897,31.8,25.4,97.7,0.0152,48.85
1790659948,3.963,14.212,31.85,24.69,97.69,0.0152,48.85
1790659949,3.954,14.75,31.9,24.88,97.68,0.0152,48.84
1790659950,3.941,15.614,31.95,25.32,97.67,0.0152,48.84
1790659951,3.945,15.348,32.0,24.5,97.67,0.0152,48.83
1790659952,3.945,15.356,32.05,25.16,97.66,0.0152,48.83
1790659953,3.946,15.291,32.1,24.98,97.65,0.0152,48.82
1790659954,3.946,15.28,32.15,23.93,97.64,0.0152,48.82
1790659955,3.946,15.248,32.2,25.04,97.63,0.0152,48.82
1790659956,3.953,14.837,32.25,25.31,97.62,0.0152,48.81
1790659957,3.956,14.59,32.3,24.31,97.62,0.0152,48.81
1790659958,3.954,14.718,32.35,24.9,97.61,0.0152,48.8
1790659959,3.948,15.104,32.4,25.78,97.6,0.0152,48.8
1790659960,3.948,15.115,32.45,24.19,97.59,0.0152,48.8
1790659961,3.947,15.179,32.5,24.96,97.58,0.0152,48.79
1790659962,3.937,15.795,32.55,25.46,97.57,0.0152,48.79
1790659963,3.95,14.966,32.6,25.09,97.57,0.0152,48.78
1790659964,3.952,14.814,32.65,24.93,97.56,0.0152,48.78
1790659965,3.95,14.958,32.7,25.37,97.55,0.0152,48.77
1790659966,3.953,14.717,32.75,25.78,97.54,0.0152,48.77
1790659967,3.946,15.206,32.8,24.59,97.53,0.0152,48.77
1790659968,3.952,14.822,32.85,25.57,97.52,0.0152,48.76
1790659969,3.946,15.175,32.9,25.15,97.52,0.0152,48.76
1790659970,3.956,14.506,32.95,23.88,97.51,0.0152,48.75
1790659971,3.942,15.435,33.0,25.11,97.5,0.0153,48.75
1790659972,3.938,15.711,33.05,24.86,97.49,0.0153,48.74
1790659973,3.954,14.653,33.1,25.03,97.48,0.0153,48.74
1790659974,3.953,14.678,33.15,24.71,97.47,0.0153,48.74
1790659975,3.952,14.787,33.2,24.82,97.47,0.0153,48.73
1790659976,3.944,15.276,33.25,25.26,97.46,0.0153,48.73
1790659977,3.949,14.916,33.3,25.1,97.45,0.0153,48.72
1790659978,3.958,14.355,33.35,25.34,97.44,0.0153,48.72
1790659979,3.95,14.889,33.4,25.42,97.43,0.0153,48.72
1790659980,3.951,14.797,33.45,24.33,97.42,0.0153,48.71
1790659981,3.953,14.644,33.5,24.07,97.42,0.0153,48.71
1790659982,3.951,14.801,33.55,24.48,97.41,0.0153,48.7
1790659983,3.962,14.05,33.6,25.22,97.4,0.0153,48.7
1790659984,3.948,14.971,33.65,25.72,97.39,0.0153,48.7
1790659985,3.946,15.126,33.7,25.01,97.38,0.0153,48.69
1790659986,3.95,14.861,33.75,25.69,97.38,0.0153,48.69
1790659987,3.952,14.688,33.8,24.98,97.37,0.0153,48.68
1790659988,3.956,14.418,33.85,25.28,97.36,0.0153,48.68
1790659989,3.946,15.052,33.9,25.19,97.35,0.0153,48.68
1790659990,3.944,15.216,33.95,26.13,97.34,0.0153,48.67
1790659991,3.965,13.789,34.0,24.79,97.33,0.0153,48.67
1790659992,3.956,14.43,34.05,24.25,97.33,0.0153,48.66
1790659993,3.943,15.234,34.1,25.23,97.32,0.0153,48.66
1790659994,3.955,14.455,34.15,24.84,97.31,0.0153,48.65
1790659995,3.948,14.937,34.2,24.75,97.3,0.0153,48.65
1790659996,3.939,15.486,34.25,25.22,97.29,0.0153,48.65
1790659997,3.946,15.028,34.3,24.88,97.28,0.0153,48.64
1790659998,3.936,15.67,34.35,24.71,97.28,0.0153,48.64
1790659999,3.949,14.85,34.4,24.43,97.27,0.0153,48.63
1790660000,3.948,14.866,34.45,25.51,97.26,0.0153,48.63
1790660001,3.95,14.759,34.5,25.2,97.25,0.0153,48.63
1790660002,3.935,15.746,34.55,25.28,97.24,0.0153,48.62
1790660003,3.948,14.854,34.6,24.39,97.23,0.0153,48.62
1790660004,3.952,14.624,34.65,25.22,97.23,0.0153,48.61
1790660005,3.946,14.98,34.7,24.51,97.22,0.0153,48.61
1790660006,3.939,15.439,34.75,25.36,97.21,0.0153,48.6
1790660007,3.945,15.062,34.8,25.2,97.2,0.0153,48.6
1790660008,3.94,15.392,34.85,25.45,97.19,0.0153,48.6
1790660009,3.944,15.067,34.9,25.69,97.18,0.0153,48.59
1790660010,3.937,15.531,34.95,25.39,97.18,0.0153,48.59
1790660011,3.942,15.194,35.0,24.4,97.17,0.0153,48.58
1790660012,3.94,15.326,35.05,24.34,97.16,0.0153,48.58
1790660013,3.626,15.065,35.85,25.13,97.15,0.0364,48.57
1790660014,3.635,14.801,36.65,25.16,97.14,0.0364,48.57
1790660015,3.635,14.792,37.45,25.64,97.13,0.0364,48.57
1790660016,3.624,15.108,38.25,24.99,97.13,0.0364,48.56
1790660017,3.617,15.294,39.05,24.67,97.12,0.0364,48.56
1790660018,3.62,15.189,39.85,25.01,97.11,0.0364,48.55
1790660019,3.643,14.576,40.65,24.57,97.1,0.0364,48.55
1790660020,3.641,14.611,41.45,24.78,97.09,0.0365,48.55
1790660021,3.619,15.226,42.25,24.94,97.08,0.0365,48.54
1790660022,3.608,15.506,43.05,24.94,97.07,0.0365,48.54
1790660023,3.63,14.919,43.85,24.84,97.07,0.0365,48.53
1790660024,3.617,15.265,44.65,24.78,97.06,0.0365,48.53
1790660025,3.629,14.914,45.45,25.22,97.05,0.0365,48.52
1790660026,3.632,14.85,46.25,26.08,97.04,0.0365,48.52
1790660027,3.622,15.106,47.05,24.37,97.03,0.0365,48.52
1790660028,3.616,15.278,47.85,25.13,97.02,0.0365,48.51
1790660029,3.622,15.093,48.65,25.0,97.02,0.0365,48.51
1790660030,3.616,15.268,49.45,25.32,97.01,0.0365,48.5
1790660031,3.62,15.159,50.25,25.78,97.0,0.0365,48.5
1790660032,3.608,15.478,51.05,24.96,96.99,0.0365,48.5
1790660033,3.626,14.987,51.85,24.63,96.98,0.0365,48.49
1790660034,3.622,15.086,52.65,25.49,96.97,0.0365,48.49
1790660035,3.634,14.739,53.45,24.04,96.97,0.0365,48.48
1790660036,3.598,15.731,54.25,25.43,96.96,0.0365,48.48
1790660037,3.607,15.481,55.05,26.06,96.95,0.0365,48.47
1790660038,3.593,15.87,55.85,25.12,96.94,0.0365,48.47
1790660039,3.62,15.131,56.65,24.21,96.93,0.0365,48.47
1790660040,3.637,14.654,57.45,25.18,96.92,0.0365,48.46
1790660041,3.611,15.363,58.25,24.89,96.91,0.0365,48.46
1790660042,3.629,14.873,59.05,24.93,96.91,0.0365,48.45
1790660043,3.622,15.063,59.85,25.7,96.9,0.0366,48.45
1790660044,3.62,15.101,60.65,24.76,96.89,0.0366,48.44
1790660045,3.615,15.231,61.45,25.11,96.88,0.0366,48.44
1790660046,3.646,14.393,62.25,24.73,96.87,0.0366,48.44
1790660047,3.619,15.111,63.05,25.78,96.86,0.0366,48.43
1790660048,3.623,15.014,63.85,25.33,96.86,0.0366,48.43
1790660049,3.589,15.934,64.65,24.73,96.85,0.0366,48.42
1790660050,3.6,15.634,65.45,24.19,96.84,0.0366,48.42
1790660051,3.608,15.399,66.25,24.65,96.83,0.0366,48.42
1790660052,3.605,15.468,67.05,25.74,96.82,0.0366,48.41
1790660053,3.643,14.43,67.85,25.27,96.81,0.0366,48.41
1790660054,3.621,15.032,68.65,24.59,96.81,0.0366,48.4
1790660055,3.651,14.203,69.45,24.8,96.8,0.0366,48.4
1790660056,3.631,14.75,70.25,24.28,96.79,0.0366,48.39
1790660057,3.631,14.762,71.05,23.95,96.78,0.0366,48.39
1790660058,3.611,15.302,71.85,24.83,96.77,0.0366,48.39
1790660059,3.621,15.022,72.65,24.79,96.76,0.0366,48.38
1790660060,3.632,14.724,73.45,24.54,96.76,0.0366,48.38
1790660061,3.618,15.087,74.25,24.9,96.75,0.0366,48.37
